id,question,intent,chart_type,table,dimension,metric_or_operation,filters,semantic_attributes
301,Cuántos cursos hay en la sede de Ñaña,count,bar,silabos,programa_estudio,COUNT,sede=Ñaña,[sede:Ñaña][intent:count][dimension:programa_estudio]
302,Distribución de sílabos por facultad en Juliaca,count,bar,silabos,facultad,COUNT,sede=Juliaca,[sede:Juliaca][intent:count][dimension:facultad]
303,Cuántas asignaturas hay en el campus de Tarapoto,count,bar,silabos,programa_estudio,COUNT,sede=Tarapoto,[sede:Tarapoto][intent:count][dimension:programa_estudio]
304,Total de cursos por sede en la UPEU,count,bar,silabos,sede,COUNT,,[entity:sede][intent:count][institution:UPEU]
305,Distribución de programas por campus universitario,count,bar,plan_estudios,sede,COUNT(DISTINCT programa_estudio),,[entity:sede][intent:count][dimension:programa_estudio]
306,Cuántos programas activos tiene Ñaña,count,,plan_estudios,,COUNT,sede=Ñaña&estado=activo,[sede:Ñaña][intent:count][filter:estado]
307,Comparativa de cursos entre Lima y Juliaca,chart,bar,silabos,sede,COUNT,,[entity:sede][intent:chart][chart:bar][comparative]
308,Programas que se ofrecen en las tres sedes,list,,plan_estudios,programa_estudio,,,[entity:sede][intent:list][multi_sede]
309,Cuántas carreras tiene Tarapoto en total,count,,plan_estudios,,COUNT(DISTINCT programa_estudio),sede=Tarapoto,[sede:Tarapoto][intent:count]
310,Modalidades disponibles por sede en la UPEU,count,bar,plan_estudios,sede,COUNT(DISTINCT modalidad_estudio),,[entity:sede][entity:modalidad][institution:UPEU]
311,Cuántos cursos tiene la Facultad de Ingeniería y Arquitectura,count,,silabos,,COUNT,facultad=Ingenieria y Arquitectura,[entity:facultad][intent:count][facultad:Ingenieria]
312,Distribución de asignaturas en Ciencias de la Salud,count,bar,silabos,programa_estudio,COUNT,facultad=Ciencias de la Salud,[entity:facultad][intent:count][facultad:Salud]
313,Cuántos sílabos tiene Ciencias Empresariales,count,,silabos,,COUNT,facultad=Ciencias Empresariales,[entity:facultad][intent:count][facultad:Empresariales]
314,Cursos de la Facultad de Teología por ciclo,count,bar,silabos,ciclo,COUNT,facultad=Teologia,[entity:facultad][entity:ciclo][intent:count][facultad:Teologia]
315,Asignaturas de Ciencias Humanas y Educación,count,bar,silabos,programa_estudio,COUNT,facultad=Ciencias Humanas,[entity:facultad][intent:count]
316,Total de créditos en Ingeniería y Arquitectura,aggregate,,plan_estudios,,SUM(total_creditos),facultad=Ingenieria y Arquitectura,[entity:facultad][intent:aggregate][metric:creditos]
317,Promedio de horas por curso en Ciencias de la Salud,aggregate,,silabos,,AVG(horas_totales),facultad=Ciencias de la Salud,[entity:facultad][intent:aggregate][metric:horas]
318,Ranking de facultades por cantidad de cursos en UPEU,ranking,horizontal_bar,silabos,facultad,COUNT,,[entity:facultad][intent:ranking][institution:UPEU]
319,Gráfico de barras de cursos por facultad en Lima,chart,bar,silabos,facultad,COUNT,sede=Lima,[entity:facultad][entity:sede][intent:chart][chart:bar]
320,Cuántos programas tiene cada facultad,count,bar,plan_estudios,facultad,COUNT(DISTINCT programa_estudio),,[entity:facultad][intent:count][dimension:programa_estudio]
321,Cuántos cursos tiene Ingeniería de Sistemas,count,,silabos,,COUNT,programa_estudio=Ingenieria de Sistemas,[programa:Sistemas][intent:count]
322,Créditos totales del plan de Medicina Humana,aggregate,,plan_estudios,,SUM(total_creditos),programa_estudio=Medicina Humana,[programa:Medicina][intent:aggregate][metric:creditos]
323,Malla curricular de Enfermería por ciclo,list,,malla_curricular,ciclo,,programa_estudio=Enfermeria,[programa:Enfermeria][intent:list][dimension:ciclo]
324,Cursos de Administración de Empresas por área,count,bar,malla_curricular,area_formacion,COUNT,programa_estudio=Administracion de Empresas,[programa:Administracion][intent:count][dimension:area_formacion]
325,Plan de estudios de Contabilidad y Finanzas,list,,plan_estudios,,,programa_estudio=Contabilidad y Finanzas,[programa:Contabilidad][intent:list]
326,Distribución de cursos de Psicología por ciclo,count,bar,malla_curricular,ciclo,COUNT,programa_estudio=Psicologia,[programa:Psicologia][intent:count][dimension:ciclo]
327,Cuántos créditos tiene el plan de Arquitectura,aggregate,,plan_estudios,,SUM(total_creditos),programa_estudio=Arquitectura,[programa:Arquitectura][intent:aggregate][metric:creditos]
328,Asignaturas de Nutrición y Dietética por ciclo,list,,malla_curricular,,,programa_estudio=Nutricion y Dietetica,[programa:Nutricion][intent:list]
329,Horas de laboratorio de Farmacia y Bioquímica,aggregate,,malla_curricular,,SUM(horas_laboratorio),programa_estudio=Farmacia y Bioquimica,[programa:Farmacia][intent:aggregate][metric:horas_laboratorio]
330,Total de cursos de Obstetricia en Juliaca,count,,silabos,,COUNT,programa_estudio=Obstetricia&sede=Juliaca,[programa:Obstetricia][sede:Juliaca][intent:count]
331,Cuántos cursos de Ingeniería Civil hay por ciclo,count,bar,malla_curricular,ciclo,COUNT,programa_estudio=Ingenieria Civil,[programa:Civil][intent:count][dimension:ciclo]
332,Recursos bibliográficos de Teología Adventista,list,,recurso_aprendizaje,,,programa_estudio=Teologia,[programa:Teologia][intent:list][entity:recurso]
333,Distribución de cursos de Educación Primaria,count,bar,malla_curricular,ciclo,COUNT,programa_estudio=Educacion Primaria,[programa:Educacion][intent:count]
334,Asignaturas de Ingeniería Ambiental por área,count,bar,malla_curricular,area_formacion,COUNT,programa_estudio=Ingenieria Ambiental,[programa:Ambiental][intent:count][dimension:area_formacion]
335,Cuántos cursos electivos tiene Administración,count,,malla_curricular,,COUNT,programa_estudio=Administracion&tipo_curso=electivo,[programa:Administracion][filter:tipo_curso][intent:count]
336,Cuántos cursos de formación adventista tiene Teología,count,,malla_curricular,,COUNT,programa_estudio=Teologia&area_formacion=formacion_adventista,[programa:Teologia][area:formacion_adventista][intent:count][adventista]
337,Cursos con valores bíblicos en el sílabo de Sistemas,list,,silabos,,,programa_estudio=Sistemas&sumilla CONTAINS biblica,[programa:Sistemas][filter:sumilla][adventista][intent:list]
338,Asignaturas de formación cristiana en Enfermería,list,,malla_curricular,,,area_formacion=formacion_cristiana&programa=Enfermeria,[adventista][area:cristiana][programa:Enfermeria]
339,Cuántos cursos de ética hay en toda la UPEU,count,,malla_curricular,,COUNT,curso CONTAINS etica,[adventista][filter:curso][intent:count][institution:UPEU]
340,Recursos relacionados con Elena White por programa,list,,recurso_aprendizaje,,,autor CONTAINS White,[adventista][filter:autor][entity:recurso]
341,Sílabos que mencionan cosmovisión bíblica,list,,silabos,,,sumilla CONTAINS cosmovisión,[adventista][filter:sumilla][intent:list]
342,Cursos de mayordomía cristiana en la UPEU,list,,malla_curricular,,,curso CONTAINS mayordomia,[adventista][intent:list][institution:UPEU]
343,Asignaturas que integran fe y aprendizaje,list,,silabos,,,sumilla CONTAINS fe,[adventista][filter:sumilla][intent:list]
344,Cuántos cursos de vida saludable hay por facultad,count,bar,malla_curricular,facultad,COUNT,curso CONTAINS saludable,[adventista][filter:curso][intent:count][dimension:facultad]
345,Recursos de Elena White en Teología por unidad,list,,recurso_aprendizaje,,,autor CONTAINS White&programa=Teologia,[adventista][programa:Teologia][filter:autor]
346,Cursos de servicio comunitario en todas las sedes,list,,malla_curricular,,,curso CONTAINS servicio,[adventista][intent:list][multi_sede]
347,Asignaturas con fundamento bíblico en Educación,list,,silabos,,,programa=Educacion&sumilla CONTAINS biblica,[adventista][programa:Educacion][filter:sumilla]
348,Cuántos cursos de ética profesional hay en Medicina,count,,malla_curricular,,COUNT,programa=Medicina&curso CONTAINS etica,[adventista][programa:Medicina][filter:curso]
349,Libros de Elena White referenciados en sílabos,list,,recurso_aprendizaje,,,autor CONTAINS White&tipo_recurso=libro,[adventista][filter:autor][entity:recurso]
350,Distribución de cursos de formación integral por sede,count,bar,malla_curricular,sede,COUNT,area_formacion=integral,[adventista][dimension:sede][intent:count][area:integral]
351,Cuántos sílabos están registrados en Ñaña este periodo,count,,silabos,,COUNT,sede=Ñaña,[sede:Ñaña][intent:count][temporal:periodo]
352,Cursos vigentes de Administración en Lima,list,,malla_curricular,,,programa=Administracion&sede=Lima&estado=activo,[programa:Administracion][sede:Lima][filter:estado]
353,Evidencias SUNEDU pendientes para el periodo 2026,list,,sunedu_evidencia_curricular,,,estado=pendiente,[temporal:2026][filter:estado][entity:sunedu]
354,Planes de estudio actualizados en 2025,list,,plan_estudios,,,periodo_inicio=2025,[temporal:2025][intent:list]
355,Cuántos recursos publicados en los últimos 5 años hay,list,,recurso_aprendizaje,,,anio_publicacion>=2020,[temporal:reciente][intent:list]
356,Últimas versiones de planes de Sistemas,list,,plan_estudios,,,programa=Sistemas,[temporal:version][intent:list][programa:Sistemas]
357,Evidencias registradas este año por sede,count,bar,sunedu_evidencia_curricular,sede,COUNT,anio=2026,[temporal:2026][dimension:sede][intent:count]
358,Planes con vigencia hasta 2027 por programa,list,,plan_estudios,,,periodo_fin>=2027,[temporal:2027][intent:list]
359,Cuántos créditos tiene el plan de Sistemas en Ñaña,aggregate,,plan_estudios,,SUM(total_creditos),programa=Sistemas&sede=Ñaña,[programa:Sistemas][sede:Ñaña][intent:aggregate][metric:creditos]
360,Horas teóricas vs prácticas en Enfermería,chart,scatter,malla_curricular,,horas_teoricas vs horas_practicas,programa=Enfermeria,[programa:Enfermeria][intent:chart][chart:scatter][metric:horas]
361,Cuántos cursos de Ciencias Básicas hay en Sistemas,count,,malla_curricular,,COUNT,area_formacion=Ciencias Basicas&programa=Sistemas,[area:ciencias_basicas][programa:Sistemas][intent:count]
362,Distribución de créditos de formación general por programa,aggregate,bar,malla_curricular,programa_estudio,SUM(creditos),area_formacion=General,[area:general][intent:aggregate][metric:creditos]
363,Cursos de especialidad en Medicina por ciclo,count,bar,malla_curricular,ciclo,COUNT,area_formacion=Especialidad&programa=Medicina,[area:especialidad][programa:Medicina][intent:count]
364,Horas de práctica en cursos de formación profesional,aggregate,,malla_curricular,,SUM(horas_practicas),area_formacion=Profesional,[area:profesional][intent:aggregate][metric:horas_practicas]
365,Cuántos cursos de libre elección hay por sede,count,bar,malla_curricular,sede,COUNT,tipo_curso=libre_eleccion,[tipo:libre_eleccion][dimension:sede][intent:count]
366,Créditos de formación investigativa por programa,aggregate,bar,malla_curricular,programa_estudio,SUM(creditos),area_formacion=Investigacion,[area:investigacion][intent:aggregate][metric:creditos]
367,Cursos de práctica preprofesional en todas las carreras,list,,malla_curricular,,,tipo_curso=practica_preprofesional,[tipo:practica][intent:list]
368,Distribución de cursos transversales por facultad,count,bar,malla_curricular,facultad,COUNT,tipo_curso=transversal,[tipo:transversal][dimension:facultad][intent:count]
369,Cuántos cursos de investigación formativa hay,count,,malla_curricular,,COUNT,area_formacion=Investigacion,[area:investigacion][intent:count]
370,Total de horas de actividades extracurriculares,aggregate,,malla_curricular,,SUM(horas_totales),tipo_curso=extracurricular,[tipo:extracurricular][intent:aggregate][metric:horas]
371,cuantos cursos hay en niania,count,bar,silabos,programa_estudio,COUNT,sede=Ñaña,[sede:Ñaña][intent:count][typo]
372,distirbucion de silabos por faculta en julaca,count,bar,silabos,facultad,COUNT,sede=Juliaca,[sede:Juliaca][intent:count][typo][dimension:facultad]
373,cuantos cursos tiene enfermeria en tarapoto,count,,silabos,,COUNT,programa=Enfermeria&sede=Tarapoto,[programa:Enfermeria][sede:Tarapoto][intent:count][typo]
374,malla de sistemaz,list,,malla_curricular,,,programa=Sistemas,[programa:Sistemas][intent:list][typo]
375,creditos totales de administarcion,aggregate,,plan_estudios,,SUM(total_creditos),programa=Administracion,[programa:Administracion][intent:aggregate][typo]
376,cuantas asignaturas tiene teolojia,count,,silabos,,COUNT,facultad=Teologia,[facultad:Teologia][intent:count][typo]
377,top de carreras con mas horas en upeu,ranking,horizontal_bar,silabos,programa_estudio,SUM(horas_totales),,[institution:UPEU][intent:ranking][metric:horas][typo]
378,dame los recuros de bioquimica,list,,recurso_aprendizaje,,,curso=Bioquimica,[intent:list][typo][entity:recurso]
379,grafco de pastel de modalidaes en upeu,chart,pie,plan_estudios,modalidad_estudio,COUNT,,[institution:UPEU][intent:chart][chart:pie][typo]
380,evidensias sin documento en c1,list,,sunedu_evidencia_curricular,,,codigo_formato=C1&url_documento IS NULL,[entity:sunedu][filter:C1][typo]
381,cuantos planes tiene niania,count,,plan_estudios,,COUNT,sede=Ñaña,[sede:Ñaña][intent:count][typo]
382,distribusion de creditos por ciclo en sistemas,aggregate,bar,malla_curricular,ciclo,SUM(creditos),programa=Sistemas,[programa:Sistemas][intent:aggregate][typo]
383,cursos con etica en la upeu,list,,malla_curricular,,,curso CONTAINS etica,[adventista][institution:UPEU][typo]
384,lista de cursos de nutricion en julaca,list,,silabos,,,programa=Nutricion&sede=Juliaca,[programa:Nutricion][sede:Juliaca][typo]
385,total oras de farmasia,aggregate,,malla_curricular,,SUM(horas_totales),programa=Farmacia,[programa:Farmacia][intent:aggregate][typo]
386,cuantos cursos tienen requisito previo en sistemas,count,,malla_curricular,,COUNT,programa=Sistemas&requisito IS NOT NULL,[programa:Sistemas][filter:requisito][intent:count][typo]
387,dame el perfil de egreso de enfermeria,list,,plan_estudios,perfil_egreso,,programa=Enfermeria,[programa:Enfermeria][intent:list][entity:perfil_egreso]
388,cuantos recuros tene calculo,count,,recurso_aprendizaje,,COUNT,curso=Calculo,[intent:count][typo]
389,grafca de evidensias por estado,chart,pie,sunedu_evidencia_curricular,estado_validacion,COUNT,,[entity:sunedu][intent:chart][typo]
390,cuantos items hay en formatos sunedu,count,,sunedu_formato_item,,COUNT,,[entity:sunedu][intent:count][typo]
391,Cuántos resultados de aprendizaje tiene cada curso de Sistemas,count,bar,silabos,curso,COUNT(ra_unitario),programa=Sistemas,[programa:Sistemas][entity:ra][intent:count]
392,Resultados de aprendizaje de unidad en Enfermería,list,,silabos,ra_unitario,,programa=Enfermeria,[programa:Enfermeria][entity:ra_unitario][intent:list]
393,Cuántos resultados de aprendizaje de sesión hay en Medicina,count,,silabos,,COUNT(ra_sesion),programa=Medicina,[programa:Medicina][entity:ra_sesion][intent:count]
394,Distribución de logros de aprendizaje por ciclo,count,bar,silabos,ciclo,COUNT(ra_unitario),,[entity:ra][dimension:ciclo][intent:count]
395,Cursos con más resultados de aprendizaje por unidad,ranking,horizontal_bar,silabos,curso,COUNT(ra_unitario),,[entity:ra_unitario][intent:ranking]
396,Cuántas unidades tiene cada sílabo de Administración,count,bar,silabos,curso,COUNT(unidad),programa=Administracion,[programa:Administracion][entity:unidad][intent:count]
397,Promedio de unidades por sílabo en Teología,aggregate,,silabos,,AVG(unidad),programa=Teologia,[programa:Teologia][entity:unidad][intent:aggregate]
398,Cuántas sesiones tiene cada unidad de Contabilidad,count,bar,silabos,unidad,COUNT(sesion),programa=Contabilidad,[programa:Contabilidad][entity:sesion][intent:count]
399,Sílabos con aprendizaje autónomo definido en Psicología,list,,silabos,,,programa=Psicologia&aprendizaje_autonomo IS NOT NULL,[programa:Psicologia][entity:aprendizaje_autonomo][intent:list]
400,Distribución de sesiones por curso en Arquitectura,count,bar,silabos,curso,COUNT(sesion),programa=Arquitectura,[programa:Arquitectura][entity:sesion][intent:count]
401,Cuántas competencias generales tiene el plan de Sistemas,count,,plan_estudios,,COUNT(competencias_generales),programa=Sistemas,[programa:Sistemas][entity:competencia][intent:count]
402,Competencias específicas de Enfermería en el plan,list,,plan_estudios,competencias_especificas,,programa=Enfermeria,[programa:Enfermeria][entity:competencia_especifica][intent:list]
403,Cuántas competencias tiene cada plan activo,count,bar,plan_estudios,programa_estudio,COUNT(competencias_generales),estado=activo,[entity:competencia][filter:estado][intent:count]
404,Planes con más competencias específicas en UPEU,ranking,horizontal_bar,plan_estudios,programa_estudio,COUNT(competencias_especificas),,[entity:competencia][intent:ranking][institution:UPEU]
405,Competencias de Teología alineadas al perfil adventista,list,,plan_estudios,competencias_generales,,programa=Teologia,[programa:Teologia][entity:competencia][adventista][intent:list]
406,Cuántos cursos tienen competencia definida en la malla,count,,malla_curricular,,COUNT,competencia IS NOT NULL,[entity:competencia][intent:count]
407,Distribución de competencias por área de formación,count,bar,malla_curricular,area_formacion,COUNT,,[entity:competencia][dimension:area_formacion][intent:count]
408,Perfil de egreso de todos los programas de salud,list,,plan_estudios,perfil_egreso,,facultad=Ciencias de la Salud,[entity:perfil_egreso][facultad:Salud][intent:list]
409,Cuántos objetivos de programa están definidos,count,,plan_estudios,,COUNT,objetivo_programa IS NOT NULL,[entity:objetivo][intent:count]
410,Planes sin perfil de egreso declarado,list,,plan_estudios,,,perfil_egreso IS NULL,[entity:perfil_egreso][intent:list][filter:null]
411,Evidencias del formato C1 por componente en Juliaca,count,bar,sunedu_evidencia_curricular,componente,COUNT,codigo_formato=C1&sede=Juliaca,[entity:sunedu][filter:C1][sede:Juliaca][intent:count]
412,Ítems de C2 aplicables a modalidad semipresencial,list,,sunedu_formato_item,,,codigo_formato=C2&aplica_semipresencial=si,[entity:sunedu][filter:C2][modalidad:semipresencial]
413,Cuántas evidencias validadas hay por facultad en C1,count,bar,sunedu_evidencia_curricular,facultad,COUNT,codigo_formato=C1&estado=validado,[entity:sunedu][filter:C1][dimension:facultad]
414,Requisitos SUNEDU pendientes en Tarapoto,count,bar,sunedu_evidencia_curricular,programa_estudio,COUNT,sede=Tarapoto&estado=pendiente,[entity:sunedu][sede:Tarapoto][filter:estado]
415,Estado de cumplimiento C1 por programa en Ñaña,count,bar,sunedu_evidencia_curricular,programa_estudio,COUNT,codigo_formato=C1&sede=Ñaña,[entity:sunedu][filter:C1][sede:Ñaña]
416,Cuántos ítems de C1 no tienen evidencia en Lima,count,,sunedu_evidencia_curricular,,COUNT,codigo_formato=C1&sede=Lima&estado=sin_evidencia,[entity:sunedu][filter:C1][sede:Lima]
417,Documentos SUNEDU con observación en Sistemas,list,,sunedu_evidencia_curricular,observacion,,programa=Sistemas&observacion IS NOT NULL,[entity:sunedu][programa:Sistemas][filter:observacion]
418,Porcentaje de cumplimiento C2 por sede en UPEU,chart,pie,sunedu_evidencia_curricular,sede,COUNT,codigo_formato=C2,[entity:sunedu][filter:C2][institution:UPEU][intent:chart]
419,Ítems subsanados en C1 por facultad,count,bar,sunedu_evidencia_curricular,facultad,COUNT,codigo_formato=C1&estado=subsanado,[entity:sunedu][filter:C1][dimension:facultad]
420,Comparativa de cumplimiento SUNEDU entre sedes,chart,bar,sunedu_evidencia_curricular,sede,COUNT,estado=validado,[entity:sunedu][comparative][intent:chart][dimension:sede]
421,Cuántos recursos tiene cada unidad de Estadística,count,bar,recurso_aprendizaje,unidad,COUNT,curso=Estadistica,[entity:recurso][entity:unidad][intent:count]
422,Libros de texto obligatorios de Administración,list,,recurso_aprendizaje,,,curso CONTAINS Administracion&obligatorio=si&tipo_recurso=libro,[entity:recurso][filter:obligatorio][programa:Administracion]
423,Recursos digitales por sesión en Metodología,list,,recurso_aprendizaje,,,curso=Metodologia&formato=digital,[entity:recurso][filter:formato][intent:list]
424,Cuántos artículos hay referenciados en Medicina,count,,recurso_aprendizaje,,COUNT,programa=Medicina&tipo_recurso=articulo,[entity:recurso][programa:Medicina][filter:tipo]
425,Distribución de recursos por tipo en Enfermería,count,pie,recurso_aprendizaje,tipo_recurso,COUNT,programa=Enfermeria,[entity:recurso][programa:Enfermeria][intent:chart]
426,Recursos en inglés por programa de Ingeniería,count,bar,recurso_aprendizaje,programa_estudio,COUNT,idioma=ingles&facultad=Ingenieria,[entity:recurso][filter:idioma][facultad:Ingenieria]
427,Cuántos recursos web tiene cada ciclo de Sistemas,count,bar,recurso_aprendizaje,ciclo,COUNT,programa=Sistemas&tipo_recurso=web,[entity:recurso][programa:Sistemas][filter:tipo]
428,Top cursos con más bibliografía registrada,ranking,horizontal_bar,recurso_aprendizaje,curso,COUNT,,[entity:recurso][intent:ranking]
429,Recursos sin autor definido por programa,count,bar,recurso_aprendizaje,programa_estudio,COUNT,autor IS NULL,[entity:recurso][filter:null][intent:count]
430,Recursos de aprendizaje autónomo de Psicología,list,,recurso_aprendizaje,,,programa=Psicologia&tipo_recurso=autonomo,[entity:recurso][programa:Psicologia][filter:tipo]
431,dame cuantos cursos tiene niania,count,,silabos,,COUNT,sede=Ñaña,[sede:Ñaña][intent:count][conversational]
432,muéstrame los planes de salud en upeu,list,,plan_estudios,,,facultad=Ciencias de la Salud,[facultad:Salud][institution:UPEU][conversational]
433,necesito saber cuántos sílabos hay en teología,count,,silabos,,COUNT,facultad=Teologia,[facultad:Teologia][intent:count][conversational]
434,quiero ver la malla de enfermería,list,,malla_curricular,,,programa=Enfermeria,[programa:Enfermeria][intent:list][conversational]
435,puedes mostrarme los recursos de contabilidad,list,,recurso_aprendizaje,,,programa=Contabilidad,[programa:Contabilidad][intent:list][conversational]
436,necesito el ranking de programas con más cursos,ranking,horizontal_bar,silabos,programa_estudio,COUNT,,[intent:ranking][conversational]
437,me puedes hacer un gráfico de las sedes,chart,bar,silabos,sede,COUNT,,[intent:chart][conversational]
438,quisiera saber las evidencias pendientes de c1,list,,sunedu_evidencia_curricular,,,codigo_formato=C1&estado=pendiente,[entity:sunedu][filter:C1][conversational]
439,por favor dame el total de créditos de medicina,aggregate,,plan_estudios,,SUM(total_creditos),programa=Medicina,[programa:Medicina][intent:aggregate][conversational]
440,ayúdame a ver cuántos cursos tiene psicología,count,,silabos,,COUNT,programa=Psicologia,[programa:Psicologia][intent:count][conversational]
441,Cuántos cursos de Sistemas requieren Cálculo como prerrequisito,count,,malla_curricular,,COUNT,programa=Sistemas&requisito_nombre_curso CONTAINS Calculo,[programa:Sistemas][filter:requisito][intent:count]
442,Lista de prerrequisitos del ciclo 4 de Ingeniería Civil,list,,malla_curricular,requisito_nombre_curso,,programa=Civil&ciclo=4,[programa:Civil][ciclo:4][filter:requisito]
443,Cuántos cursos de Enfermería son prerrequisito de otro,count,,malla_curricular,,COUNT(DISTINCT requisito_codigo_curso),programa=Enfermeria,[programa:Enfermeria][filter:requisito][intent:count]
444,Distribución de prerrequisitos por ciclo en Ingeniería Civil,count,bar,malla_curricular,ciclo,COUNT,programa=Civil&requisito IS NOT NULL,[programa:Civil][filter:requisito][dimension:ciclo]
445,Cursos sin ningún prerrequisito en Administración,count,,malla_curricular,,COUNT,programa=Administracion&requisito IS NULL,[programa:Administracion][filter:requisito][intent:count]
446,Cuántos créditos acumula el ciclo 5 de Sistemas,aggregate,,malla_curricular,,SUM(creditos),programa=Sistemas&ciclo=5,[programa:Sistemas][ciclo:5][metric:creditos]
447,Cursos del ciclo 8 de Enfermería con laboratorio,list,,malla_curricular,,,programa=Enfermeria&ciclo=8&horas_laboratorio > 0,[programa:Enfermeria][ciclo:8][filter:laboratorio]
448,Total de horas del ciclo 10 de Ingeniería de Sistemas,aggregate,,malla_curricular,,SUM(horas_totales),programa=Sistemas&ciclo=10,[programa:Sistemas][ciclo:10][metric:horas]
449,Cuántos cursos obligatorios tiene el ciclo 2 de Medicina,count,,malla_curricular,,COUNT,programa=Medicina&ciclo=2&tipo_curso=obligatorio,[programa:Medicina][ciclo:2][filter:tipo_curso]
450,Distribución de créditos por ciclo en toda la UPEU,aggregate,bar,malla_curricular,ciclo,AVG(creditos),,[institution:UPEU][dimension:ciclo][metric:creditos][intent:aggregate]
451,Cuántos planes de estudio usa el formato SUNEDU C1,count,,sunedu_evidencia_curricular,,COUNT(DISTINCT id_plan),codigo_formato=C1,[entity:sunedu][filter:C1][entity:plan][intent:count]
452,Cuántos ítems de C1 están en el componente curricular,count,,sunedu_formato_item,,COUNT,codigo_formato=C1&componente=curricular,[entity:sunedu][filter:C1][filter:componente]
453,Cuántos ítems de C1 aplican a pregrado y posgrado,count,,sunedu_formato_item,,COUNT,codigo_formato=C1&aplica_pregrado=si&aplica_posgrado=si,[entity:sunedu][filter:C1][nivel:multiple]
454,Estado de validación de evidencias en Ingeniería,count,bar,sunedu_evidencia_curricular,estado_validacion,COUNT,facultad=Ingenieria,[entity:sunedu][facultad:Ingenieria][dimension:estado]
455,Cuántas evidencias tienen valor numérico registrado,count,,sunedu_evidencia_curricular,,COUNT,valor_numero IS NOT NULL,[entity:sunedu][filter:valor][intent:count]
456,Ítems SUNEDU por grupo en formato C2,count,bar,sunedu_formato_item,grupo,COUNT,codigo_formato=C2,[entity:sunedu][filter:C2][dimension:grupo]
457,Cuántos ítems son optativos en C1,count,,sunedu_formato_item,,COUNT,codigo_formato=C1&obligatorio=no,[entity:sunedu][filter:C1][filter:obligatorio]
458,Mapa de calor de evidencias por facultad y estado,chart,heatmap,sunedu_evidencia_curricular,facultad-estado_validacion,COUNT,,[entity:sunedu][intent:chart][chart:heatmap]
459,Cuántos programas de Ingeniería tienen evidencias en C1,count,,sunedu_evidencia_curricular,,COUNT(DISTINCT programa_estudio),facultad=Ingenieria&codigo_formato=C1,[entity:sunedu][facultad:Ingenieria][filter:C1]
460,Ranking de programas con más evidencias validadas,ranking,horizontal_bar,sunedu_evidencia_curricular,programa_estudio,COUNT,estado=validado,[entity:sunedu][intent:ranking][filter:estado]
461,Cuántos cursos de Ingeniería de Sistemas tienen laboratorio,count,,malla_curricular,,COUNT,programa=Sistemas&horas_laboratorio > 0,[programa:Sistemas][metric:horas_laboratorio][intent:count]
462,Promedio de horas de laboratorio en Farmacia,aggregate,,malla_curricular,,AVG(horas_laboratorio),programa=Farmacia,[programa:Farmacia][metric:horas_laboratorio][intent:aggregate]
463,Cursos con más horas de laboratorio en Medicina,ranking,horizontal_bar,malla_curricular,curso,MAX(horas_laboratorio),programa=Medicina,[programa:Medicina][metric:horas_laboratorio][intent:ranking]
464,Distribución de horas de laboratorio por ciclo en Química,aggregate,bar,malla_curricular,ciclo,SUM(horas_laboratorio),programa=Quimica,[programa:Quimica][metric:horas_laboratorio][dimension:ciclo]
465,Cuántos cursos tienen más horas prácticas que teóricas,count,,malla_curricular,,COUNT,horas_practicas > horas_teoricas,[metric:horas][comparative][intent:count]
466,Cursos con carga horaria mayor a 5 horas semanales,list,,malla_curricular,,,horas_totales > 5,[metric:horas_totales][filter:range][intent:list]
467,Distribución de horas totales por modalidad,aggregate,bar,malla_curricular,modalidad_estudio,AVG(horas_totales),,[metric:horas_totales][dimension:modalidad][intent:aggregate]
468,Cursos con 4 o más créditos en Sistemas,list,,malla_curricular,,,programa=Sistemas&creditos >= 4,[programa:Sistemas][metric:creditos][filter:range][intent:list]
469,Total de horas por tipo de curso en UPEU,aggregate,bar,malla_curricular,tipo_curso,SUM(horas_totales),,[institution:UPEU][metric:horas][dimension:tipo_curso][intent:aggregate]
470,Cursos con más créditos que el promedio de su ciclo,list,,malla_curricular,,,creditos > AVG(creditos) por ciclo,[metric:creditos][comparative][intent:list]
471,Cuántos sílabos tienen más de 3 unidades definidas,count,,silabos,,COUNT,unidades > 3,[entity:unidad][filter:range][intent:count]
472,Cursos con más de 16 sesiones en el ciclo,list,,silabos,,,sesion > 16,[entity:sesion][filter:range][intent:list]
473,Promedio de sesiones por unidad en Sistemas,aggregate,,silabos,,AVG(sesion),programa=Sistemas,[programa:Sistemas][entity:sesion][intent:aggregate]
474,Cursos con resultado de aprendizaje de asignatura definido,count,,silabos,,COUNT,ra_unitario IS NOT NULL,[entity:ra][filter:null][intent:count]
475,Distribución de unidades por programa en salud,count,bar,silabos,programa_estudio,AVG(unidad),facultad=Ciencias de la Salud,[facultad:Salud][entity:unidad][intent:count]
476,Cuántos sílabos tienen enlaces de internet registrados,count,,silabos,,COUNT,enlaces_internet IS NOT NULL,[entity:enlace][filter:null][intent:count]
477,Distribución de sílabos con sumilla definida por programa,count,bar,silabos,programa_estudio,COUNT,sumilla IS NOT NULL,[entity:sumilla][filter:null][intent:count]
478,Cursos sin sumilla en la malla de Juliaca,list,,silabos,,,sumilla IS NULL&sede=Juliaca,[entity:sumilla][sede:Juliaca][filter:null][intent:list]
479,Cuántos sílabos tienen referencias bibliográficas,count,,silabos,,COUNT,referencias_bibliograficas IS NOT NULL,[entity:referencia][filter:null][intent:count]
480,Sílabos sin resultado de aprendizaje de sesión,list,,silabos,,,ra_sesion IS NULL,[entity:ra_sesion][filter:null][intent:list]
481,Total de créditos de cursos obligatorios en Sistemas,aggregate,,malla_curricular,,SUM(creditos),programa=Sistemas&tipo_curso=obligatorio,[programa:Sistemas][filter:tipo_curso][metric:creditos]
482,Horas de cursos electivos en Administración,aggregate,,malla_curricular,,SUM(horas_totales),programa=Administracion&tipo_curso=electivo,[programa:Administracion][filter:tipo_curso][metric:horas]
483,Cuántos créditos tienen los cursos de libre elección,aggregate,,malla_curricular,,AVG(creditos),tipo_curso=libre_eleccion,[filter:tipo_curso][metric:creditos][intent:aggregate]
484,Distribución de créditos por naturaleza de curso,aggregate,bar,malla_curricular,naturaleza_curso,SUM(creditos),,[dimension:naturaleza][metric:creditos][intent:aggregate]
485,Cursos teórico-prácticos por programa en UPEU,count,bar,malla_curricular,programa_estudio,COUNT,naturaleza_curso=teorico-practico,[filter:naturaleza][intent:count][institution:UPEU]
486,Cuántos cursos son solo teóricos en Teología,count,,malla_curricular,,COUNT,programa=Teologia&naturaleza_curso=teorico,[programa:Teologia][filter:naturaleza][intent:count]
487,Cursos prácticos de laboratorio en Biología,list,,malla_curricular,,,programa=Biologia&naturaleza_curso=laboratorio,[programa:Biologia][filter:naturaleza][intent:list]
488,Distribución de naturaleza de cursos en Enfermería,count,pie,malla_curricular,naturaleza_curso,COUNT,programa=Enfermeria,[programa:Enfermeria][dimension:naturaleza][intent:chart]
489,Promedio de créditos de cursos teóricos vs prácticos,aggregate,bar,malla_curricular,naturaleza_curso,AVG(creditos),,[dimension:naturaleza][metric:creditos][intent:aggregate]
490,Total de horas teóricas de cursos obligatorios por ciclo,aggregate,bar,malla_curricular,ciclo,SUM(horas_teoricas),tipo_curso=obligatorio,[filter:tipo_curso][metric:horas_teoricas][dimension:ciclo]
491,Cuántos programas de Ingeniería hay en la UPEU,count,,plan_estudios,,COUNT,programa_estudio CONTAINS Ingenieria,[institution:UPEU][filter:programa][intent:count]
492,Cuántas escuelas profesionales hay en Ciencias de la Salud,count,,plan_estudios,,COUNT(DISTINCT programa_estudio),facultad=Ciencias de la Salud,[facultad:Salud][intent:count][entity:escuela]
493,Distribución de programas por modalidad en Empresariales,count,bar,plan_estudios,modalidad_estudio,COUNT,facultad=Ciencias Empresariales,[facultad:Empresariales][dimension:modalidad][intent:count]
494,Cuántos programas tienen más de 10 ciclos en la UPEU,count,,plan_estudios,,COUNT,total_ciclos > 10,[institution:UPEU][metric:ciclos][filter:range]
495,Programas con plan vigente y más de 180 créditos,list,,plan_estudios,,,estado=activo&total_creditos > 180,[filter:estado][metric:creditos][filter:range]
496,Cuántos programas tienen grado de licenciatura,count,,plan_estudios,,COUNT,grado_academico=licenciatura,[filter:grado][intent:count]
497,Distribución de títulos por sede en UPEU,count,bar,plan_estudios,sede,COUNT(DISTINCT titulo_profesional),,[institution:UPEU][dimension:sede][entity:titulo]
498,Planes con título de Ingeniero por facultad,count,bar,plan_estudios,facultad,COUNT,titulo_profesional CONTAINS Ingeniero,[filter:titulo][dimension:facultad][intent:count]
499,Programas con plan en más de una sede,list,,plan_estudios,programa_estudio,,,[multi_sede][intent:list][entity:programa]
500,Cuántos grados académicos distintos otorga la UPEU,count,,plan_estudios,,COUNT(DISTINCT grado_academico),,[institution:UPEU][intent:count][entity:grado]
501,Cuántos cursos de Matemáticas hay en Ingeniería de Sistemas por ciclo,count,bar,malla_curricular,ciclo,COUNT,programa=Sistemas&curso CONTAINS Matematica,[programa:Sistemas][filter:curso][dimension:ciclo]
502,Distribución de cursos de Física en Ingeniería Civil,count,bar,malla_curricular,ciclo,COUNT,programa=Civil&curso CONTAINS Fisica,[programa:Civil][filter:curso][dimension:ciclo]
503,Cuántos cursos de Química hay en Farmacia y Bioquímica,count,,malla_curricular,,COUNT,programa=Farmacia&curso CONTAINS Quimica,[programa:Farmacia][filter:curso][intent:count]
504,Recursos de Anatomía en Medicina por unidad,list,,recurso_aprendizaje,,,curso=Anatomia&programa=Medicina,[programa:Medicina][filter:curso][entity:recurso]
505,Cuántas unidades tiene el sílabo de Histología,count,,silabos,,COUNT(unidad),curso=Histologia,[filter:curso][entity:unidad][intent:count]
506,Sesiones del curso de Epidemiología en Enfermería,list,,silabos,sesion,,curso=Epidemiologia&programa=Enfermeria,[programa:Enfermeria][filter:curso][entity:sesion]
507,Cuántos créditos tiene Cálculo Diferencial en Sistemas,aggregate,,malla_curricular,,SUM(creditos),curso=Calculo Diferencial&programa=Sistemas,[programa:Sistemas][filter:curso][metric:creditos]
508,Resultados de aprendizaje del curso Bioética en Medicina,list,,silabos,ra_unitario,,curso=Bioetica&programa=Medicina,[programa:Medicina][filter:curso][entity:ra_unitario]
509,Cuántos recursos tiene el curso de Álgebra Lineal,count,,recurso_aprendizaje,,COUNT,curso=Algebra Lineal,[filter:curso][entity:recurso][intent:count]
510,Distribución de horas de Fisiopatología por ciclo,count,bar,malla_curricular,ciclo,SUM(horas_totales),curso=Fisiopatologia,[filter:curso][metric:horas][dimension:ciclo]
511,Cuántos cursos requieren competencia digital en UPEU,count,,malla_curricular,,COUNT,curso CONTAINS digital,[institution:UPEU][filter:contenido][intent:count]
512,Cursos que desarrollan pensamiento crítico en Educación,list,,silabos,,,programa=Educacion&sumilla CONTAINS critico,[programa:Educacion][filter:sumilla][intent:list]
513,Cuántos programas tienen curso de emprendimiento,count,,malla_curricular,,COUNT(DISTINCT programa_estudio),curso CONTAINS emprendimiento,[filter:curso][entity:programa][intent:count]
514,Cursos de liderazgo en Empresariales,list,,malla_curricular,,,facultad=Ciencias Empresariales&curso CONTAINS liderazgo,[facultad:Empresariales][filter:curso][intent:list]
515,Distribución de cursos de investigación por facultad,count,bar,malla_curricular,facultad,COUNT,curso CONTAINS investigacion,[filter:curso][dimension:facultad][intent:count]
516,Cuántos sílabos mencionan trabajo colaborativo,count,,silabos,,COUNT,sumilla CONTAINS colaborativo,[filter:sumilla][intent:count]
517,Cursos con estrategias de aprendizaje activo,list,,silabos,,,sumilla CONTAINS activo,[filter:sumilla][intent:list]
518,Cuántos programas tienen curso de salud mental,count,,malla_curricular,,COUNT(DISTINCT programa_estudio),curso CONTAINS salud mental,[filter:curso][entity:programa][intent:count]
519,Recursos de tecnología educativa por programa,list,,recurso_aprendizaje,,,palabras_clave CONTAINS tecnologia,[filter:palabras_clave][entity:recurso][intent:list]
520,Cuántos cursos mencionan inteligencia artificial en sumilla,count,,silabos,,COUNT,sumilla CONTAINS inteligencia artificial,[filter:sumilla][intent:count]
521,Scatter de créditos vs horas teóricas por programa,chart,scatter,malla_curricular,,creditos vs horas_teoricas,,[intent:chart][chart:scatter][metric:creditos][metric:horas]
522,Histograma de distribución de horas prácticas,chart,histogram,malla_curricular,,horas_practicas,,[intent:chart][chart:histogram][metric:horas_practicas]
523,Boxplot de créditos por facultad en UPEU,chart,boxplot,malla_curricular,facultad,creditos,,[intent:chart][chart:boxplot][institution:UPEU]
524,Tendencia de planes aprobados por año en UPEU,chart,line,plan_estudios,periodo_inicio,COUNT,,[intent:chart][chart:line][institution:UPEU][temporal]
525,Heatmap de cursos por área y ciclo en Sistemas,chart,heatmap,malla_curricular,area_formacion-ciclo,COUNT,programa=Sistemas,[intent:chart][chart:heatmap][programa:Sistemas]
526,Scatter de total créditos vs total ciclos por programa,chart,scatter,plan_estudios,,total_creditos vs total_ciclos,,[intent:chart][chart:scatter][metric:creditos]
527,Distribución porcentual de tipos de curso en UPEU,chart,pie,malla_curricular,tipo_curso,COUNT,,[intent:chart][chart:pie][institution:UPEU]
528,Evolución de evidencias SUNEDU por año,chart,line,sunedu_evidencia_curricular,fecha_registro,COUNT,,[intent:chart][chart:line][entity:sunedu][temporal]
529,Heatmap de cumplimiento C1 por facultad y sede,chart,heatmap,sunedu_evidencia_curricular,facultad-sede,COUNT,codigo_formato=C1,[intent:chart][chart:heatmap][entity:sunedu][filter:C1]
530,Boxplot de años de publicación de recursos,chart,boxplot,recurso_aprendizaje,,anio_publicacion,,[intent:chart][chart:boxplot][entity:recurso]
531,cuántos cursos tiene sistemas en niania,count,,silabos,,COUNT,programa=Sistemas&sede=Ñaña,[programa:Sistemas][sede:Ñaña][intent:count]
532,dame la distribucion de creditos de enfermería por ciclo,aggregate,bar,malla_curricular,ciclo,SUM(creditos),programa=Enfermeria,[programa:Enfermeria][metric:creditos][dimension:ciclo]
533,muéstrame los recursos bibliográficos de teología,list,,recurso_aprendizaje,,,programa=Teologia,[programa:Teologia][entity:recurso][intent:list]
534,hazme un gráfico de cursos por sede en upeu,chart,bar,silabos,sede,COUNT,,[institution:UPEU][intent:chart][chart:bar]
535,cuantas evidencias hay en juliaca para c2,count,,sunedu_evidencia_curricular,,COUNT,sede=Juliaca&codigo_formato=C2,[sede:Juliaca][filter:C2][entity:sunedu]
536,ranking de programas con más horas en ciencias de la salud,ranking,horizontal_bar,malla_curricular,programa_estudio,SUM(horas_totales),facultad=Ciencias de la Salud,[facultad:Salud][intent:ranking][metric:horas]
537,distribución de planes por grado académico en upeu,count,pie,plan_estudios,grado_academico,COUNT,,[institution:UPEU][dimension:grado][intent:chart]
538,ver los cursos del ciclo 1 de administración en lima,list,,malla_curricular,,,ciclo=1&programa=Administracion&sede=Lima,[ciclo:1][programa:Administracion][sede:Lima]
539,promedio de creditos de cursos electivos en ingeniería,aggregate,,malla_curricular,,AVG(creditos),facultad=Ingenieria&tipo_curso=electivo,[facultad:Ingenieria][filter:tipo_curso][metric:creditos]
540,cuántos recursos sin url tiene enfermería,count,,recurso_aprendizaje,,COUNT,programa=Enfermeria&url_recurso IS NULL,[programa:Enfermeria][filter:null][entity:recurso]
541,Cuántos cursos de Teología tienen fundamento bíblico explícito,count,,silabos,,COUNT,programa=Teologia&sumilla CONTAINS biblica,[programa:Teologia][adventista][filter:sumilla]
542,Recursos relacionados con el libro La Educación de Elena White,list,,recurso_aprendizaje,,,autor CONTAINS White&titulo_recurso CONTAINS Educacion,[adventista][filter:titulo][filter:autor]
543,Cuántos cursos integran servicio y misión adventista,count,,malla_curricular,,COUNT,curso CONTAINS mision,[adventista][filter:curso][intent:count]
544,Distribución de cursos de formación adventista por facultad,count,bar,malla_curricular,facultad,COUNT,area_formacion=formacion_adventista,[adventista][dimension:facultad][intent:count]
545,Cuántos cursos de Teología tienen recurso de Elena White,count,,recurso_aprendizaje,,COUNT,programa=Teologia&autor CONTAINS White,[adventista][programa:Teologia][filter:autor]
546,Cursos con énfasis en mayordomía y salud integral,list,,silabos,,,sumilla CONTAINS mayordomi,[adventista][filter:sumilla][intent:list]
547,Cuántos programas tienen curso de cosmovisión cristiana,count,,malla_curricular,,COUNT(DISTINCT programa_estudio),curso CONTAINS cosmovision,[adventista][intent:count][entity:programa]
548,Recursos de apologética cristiana en Teología,list,,recurso_aprendizaje,,,programa=Teologia&palabras_clave CONTAINS apologetica,[adventista][programa:Teologia][filter:palabras_clave]
549,Distribución de cursos de Biblia por ciclo en Teología,count,bar,malla_curricular,ciclo,COUNT,programa=Teologia&curso CONTAINS Biblia,[adventista][programa:Teologia][filter:curso][dimension:ciclo]
550,Cuántos sílabos de Teología citan el Espíritu de Profecía,count,,recurso_aprendizaje,,COUNT,programa=Teologia&palabras_clave CONTAINS profecia,[adventista][programa:Teologia][filter:contenido]
551,Cuántos cursos de gestión hospitalaria hay en Medicina,count,,malla_curricular,,COUNT,programa=Medicina&curso CONTAINS gestion,[programa:Medicina][filter:curso][intent:count]
552,Créditos de cursos teórico-prácticos en Enfermería Ñaña,aggregate,,malla_curricular,,SUM(creditos),programa=Enfermeria&sede=Ñaña&naturaleza=teorico-practico,[programa:Enfermeria][sede:Ñaña][filter:naturaleza][metric:creditos]
553,Cuántos cursos de Administración en Lima tienen más de 3 créditos,count,,malla_curricular,,COUNT,programa=Administracion&sede=Lima&creditos > 3,[programa:Administracion][sede:Lima][metric:creditos][filter:range]
554,Recursos de Contabilidad de Costos en Tarapoto,list,,recurso_aprendizaje,,,curso=Contabilidad de Costos&sede=Tarapoto,[filter:curso][sede:Tarapoto][entity:recurso]
555,Evidencias de C2 en Sistemas en Ñaña por estado,count,bar,sunedu_evidencia_curricular,estado_validacion,COUNT,programa=Sistemas&codigo_formato=C2&sede=Ñaña,[programa:Sistemas][filter:C2][sede:Ñaña][entity:sunedu]
556,Total de horas de Farmacia en Juliaca por ciclo,aggregate,bar,malla_curricular,ciclo,SUM(horas_totales),programa=Farmacia&sede=Juliaca,[programa:Farmacia][sede:Juliaca][dimension:ciclo][metric:horas]
557,Cuántos sílabos de Psicología tienen sumilla en Tarapoto,count,,silabos,,COUNT,programa=Psicologia&sede=Tarapoto&sumilla IS NOT NULL,[programa:Psicologia][sede:Tarapoto][entity:sumilla]
558,Ranking de cursos por créditos en Enfermería Lima,ranking,horizontal_bar,malla_curricular,curso,MAX(creditos),programa=Enfermeria&sede=Lima,[programa:Enfermeria][sede:Lima][intent:ranking][metric:creditos]
559,Distribución de evidencias C1 por programa en Juliaca,count,bar,sunedu_evidencia_curricular,programa_estudio,COUNT,codigo_formato=C1&sede=Juliaca,[entity:sunedu][filter:C1][sede:Juliaca][dimension:programa]
560,Planes activos de Ingeniería en Ñaña con más de 200 créditos,list,,plan_estudios,,,facultad=Ingenieria&sede=Ñaña&total_creditos > 200&estado=activo,[facultad:Ingenieria][sede:Ñaña][metric:creditos][filter:range]
561,cuántos cursos en upeu tienen más de 6 créditos,count,,malla_curricular,,COUNT,creditos > 6,[institution:UPEU][metric:creditos][filter:range]
562,lista de todos los programas de la upeu con su sede,list,,plan_estudios,programa_estudio,,,[institution:UPEU][entity:programa][entity:sede]
563,total de evidencias registradas en upeu para sunedu,count,,sunedu_evidencia_curricular,,COUNT,,[institution:UPEU][entity:sunedu][intent:count]
564,ranking de programas con más recursos de aprendizaje en upeu,ranking,horizontal_bar,recurso_aprendizaje,programa_estudio,COUNT,,[institution:UPEU][entity:recurso][intent:ranking]
565,distribución de cursos por nivel académico en upeu,count,bar,plan_estudios,nivel_academico,COUNT,,[institution:UPEU][dimension:nivel][intent:count]
566,cuántos cursos de cada tipo hay en toda la upeu,count,bar,malla_curricular,tipo_curso,COUNT,,[institution:UPEU][dimension:tipo_curso][intent:count]
567,planes de estudio vigentes en las tres sedes de upeu,list,,plan_estudios,,,estado=activo,[institution:UPEU][filter:estado][multi_sede]
568,resumen general de cursos créditos y programas en toda la upeu,count,bar,silabos,facultad,COUNT,,[institution:UPEU][resumen_general][multi_entity]
569,Cuántos cursos de pregrado hay en la UPEU,count,,plan_estudios,,COUNT,nivel_academico=pregrado,[institution:UPEU][intent:count][nivel:pregrado]
570,Programas de maestría por sede,count,bar,plan_estudios,sede,COUNT,nivel_academico=maestria,[nivel:maestria][dimension:sede][intent:count]
571,Cuántos doctorados ofrece la UPEU,count,,plan_estudios,,COUNT,nivel_academico=doctorado,[institution:UPEU][nivel:doctorado][intent:count]
572,Distribución de diplomas por facultad,count,bar,plan_estudios,facultad,COUNT,nivel_academico=diploma,[nivel:diploma][dimension:facultad][intent:count]
573,Programas de segunda especialidad en Ciencias de la Salud,list,,plan_estudios,,,nivel_academico=segunda_especialidad&facultad=Ciencias de la Salud,[nivel:segunda_especialidad][facultad:Salud]
574,Cuántos programas de posgrado hay en Juliaca,count,,plan_estudios,,COUNT,nivel_academico=posgrado&sede=Juliaca,[nivel:posgrado][sede:Juliaca][intent:count]
575,Total de créditos promedio en maestrías UPEU,aggregate,,plan_estudios,,AVG(total_creditos),nivel_academico=maestria,[institution:UPEU][nivel:maestria][intent:aggregate]
576,Gráfico de programas por nivel académico,chart,pie,plan_estudios,nivel_academico,COUNT,,[intent:chart][chart:pie][dimension:nivel]
577,Cuántos grados académicos distintos otorga la UPEU en Lima,count,,plan_estudios,,COUNT(DISTINCT grado_academico),sede=Lima,[institution:UPEU][sede:Lima][entity:grado][intent:count]
578,Programas de Ingeniería con más de 200 créditos,list,,plan_estudios,,,facultad=Ingenieria&total_creditos > 200,[facultad:Ingenieria][metric:creditos][filter:range]
579,Diferencia de créditos entre Lima y Juliaca por programa,chart,bar,plan_estudios,programa_estudio,SUM(total_creditos),,[comparative][dimension:sede][metric:creditos]
580,Cuántos programas tienen perfil de egreso con enfoque investigativo,count,,plan_estudios,,COUNT,perfil_egreso CONTAINS investigacion,[entity:perfil_egreso][filter:contenido][intent:count]
581,Cuántos sílabos hay por grupo en Administración Lima,count,bar,silabos,grupo,COUNT,programa=Administracion&sede=Lima,[programa:Administracion][sede:Lima][dimension:grupo][intent:count]
582,Distribución de secciones por ciclo en Sistemas Juliaca,count,bar,silabos,ciclo,COUNT(DISTINCT grupo),programa=Sistemas&sede=Juliaca,[programa:Sistemas][sede:Juliaca][entity:seccion]
583,Cuántos grupos distintos tiene Medicina en Ñaña,count,,silabos,,COUNT(DISTINCT grupo),programa=Medicina&sede=Ñaña,[programa:Medicina][sede:Ñaña][entity:grupo]
584,Secciones con más sílabos registrados por programa,ranking,horizontal_bar,silabos,grupo,COUNT,,[entity:grupo][intent:ranking]
585,Cuántas secciones de Enfermería hay en Tarapoto,count,,silabos,,COUNT(DISTINCT grupo),programa=Enfermeria&sede=Tarapoto,[programa:Enfermeria][sede:Tarapoto][entity:seccion]
586,Lista de grupos del curso de Estadística en Lima,list,,silabos,grupo,,curso=Estadistica&sede=Lima,[entity:grupo][sede:Lima][intent:list]
587,Cuántos grupos hay en el ciclo 5 de Contabilidad,count,,silabos,,COUNT(DISTINCT grupo),programa=Contabilidad&ciclo=5,[programa:Contabilidad][ciclo:5][entity:grupo]
588,Cuántos grupos hay por sede en total en UPEU,count,bar,silabos,sede,COUNT(DISTINCT grupo),,[institution:UPEU][entity:grupo][dimension:sede]
589,Mapa de calor de sílabos por programa y sede,chart,heatmap,silabos,programa_estudio-sede,COUNT,,[intent:chart][chart:heatmap]
590,Tendencia de cursos registrados por periodo en Sistemas,chart,line,silabos,ciclo,COUNT,programa=Sistemas,[programa:Sistemas][intent:chart][chart:line][temporal]
591,Cuántos libros de texto tiene Medicina,count,,recurso_aprendizaje,,COUNT,programa=Medicina&tipo_recurso=libro,[programa:Medicina][entity:recurso][filter:tipo]
592,Recursos de Anatomía Humana en todas las sedes,list,,recurso_aprendizaje,,,curso=Anatomia,[filter:curso][entity:recurso][multi_sede]
593,Cuántos artículos científicos hay en Enfermería,count,,recurso_aprendizaje,,COUNT,programa=Enfermeria&tipo_recurso=articulo,[programa:Enfermeria][filter:tipo][entity:recurso]
594,Distribución de recursos por formato en Sistemas,count,pie,recurso_aprendizaje,formato,COUNT,programa=Sistemas,[programa:Sistemas][entity:recurso][dimension:formato][intent:chart]
595,Recursos más recientes de Farmacia por año,ranking,horizontal_bar,recurso_aprendizaje,curso,MAX(anio_publicacion),programa=Farmacia,[programa:Farmacia][entity:recurso][temporal:reciente][intent:ranking]
596,Cuántos recursos tienen ISBN registrado en Medicina,count,,recurso_aprendizaje,,COUNT,programa=Medicina&tipo_recurso=libro,[programa:Medicina][entity:recurso][filter:tipo]
597,Top autores más citados en Ingeniería,ranking,horizontal_bar,recurso_aprendizaje,autor,COUNT,facultad=Ingenieria,[facultad:Ingenieria][entity:recurso][intent:ranking]
598,Cuántos recursos hay por idioma en toda la UPEU,count,bar,recurso_aprendizaje,idioma,COUNT,,[institution:UPEU][entity:recurso][dimension:idioma]
599,Libros sin editorial registrada en Contabilidad,list,,recurso_aprendizaje,,,programa=Contabilidad&editorial IS NULL&tipo_recurso=libro,[programa:Contabilidad][entity:recurso][filter:null]
600,Recursos web de Psicología por unidad,list,,recurso_aprendizaje,unidad,,programa=Psicologia&tipo_recurso=web,[programa:Psicologia][entity:recurso][filter:tipo][entity:unidad]
601,cuántos cursos de teología hay en ñaña,count,,silabos,,COUNT,programa=Teologia&sede=Ñaña,[programa:Teologia][sede:Ñaña][intent:count]
602,dame los planes activos de ciencias de la salud,list,,plan_estudios,,,facultad=Ciencias de la Salud&estado=activo,[facultad:Salud][filter:estado][intent:list]
603,cuantas horas tiene medicina en juliaca,aggregate,,malla_curricular,,SUM(horas_totales),programa=Medicina&sede=Juliaca,[programa:Medicina][sede:Juliaca][metric:horas]
604,graficame los cursos por area de formacion en sistemas,chart,bar,malla_curricular,area_formacion,COUNT,programa=Sistemas,[programa:Sistemas][intent:chart][dimension:area]
605,evidencias validadas por facultad en upeu,count,bar,sunedu_evidencia_curricular,facultad,COUNT,estado=validado,[institution:UPEU][dimension:facultad][entity:sunedu]
606,ranking de ciclos con mas creditos en administracion,ranking,horizontal_bar,malla_curricular,ciclo,SUM(creditos),programa=Administracion,[programa:Administracion][intent:ranking][metric:creditos]
607,distribucion de recursos por tipo en enfermeria,count,pie,recurso_aprendizaje,tipo_recurso,COUNT,programa=Enfermeria,[programa:Enfermeria][entity:recurso][intent:chart]
608,muestrame los cursos del ciclo 6 de contabilidad,list,,malla_curricular,,,programa=Contabilidad&ciclo=6,[programa:Contabilidad][ciclo:6][intent:list]
609,total de creditos por area de formacion en toda la upeu,aggregate,bar,malla_curricular,area_formacion,SUM(creditos),,[institution:UPEU][dimension:area][metric:creditos]
610,cuantos items de c2 son obligatorios,count,,sunedu_formato_item,,COUNT,codigo_formato=C2&obligatorio=si,[entity:sunedu][filter:C2][filter:obligatorio]
611,Cuántos sílabos tienen bibliografía actualizada,count,,recurso_aprendizaje,,COUNT,anio_publicacion>=2018,[temporal:reciente][intent:count]
612,Cursos sin recursos de aprendizaje registrados,list,,malla_curricular,,,codigo_curso NOT IN recurso_aprendizaje,[entity:recurso][filter:null][intent:list]
613,Promedio de publicaciones por recurso en Enfermería,aggregate,,recurso_aprendizaje,,AVG(anio_publicacion),programa=Enfermeria,[programa:Enfermeria][entity:recurso][intent:aggregate]
614,Recursos con DOI o URL válida en Medicina,count,,recurso_aprendizaje,,COUNT,url_recurso IS NOT NULL&programa=Medicina,[entity:recurso][filter:url][intent:count][programa:Medicina]
615,Recursos de revistas científicas indexadas en Sistemas,list,,recurso_aprendizaje,,,tipo_recurso=revista&programa=Sistemas,[entity:recurso][filter:tipo][intent:list][programa:Sistemas]
616,Distribución de recursos por año de publicación en Psicología,count,bar,recurso_aprendizaje,anio_publicacion,COUNT,programa=Psicologia,[programa:Psicologia][entity:recurso][temporal][intent:count]
617,Cuántos ítems de C1 son de la condición básica 5,count,,sunedu_formato_item,,COUNT,codigo_formato=C1&condicion_basica=5,[entity:sunedu][filter:C1][filter:condicion]
618,Evidencias del componente curricular de C2 por programa,count,bar,sunedu_evidencia_curricular,programa_estudio,COUNT,codigo_formato=C2&componente=curricular,[entity:sunedu][filter:C2][filter:componente]
619,Cuántos ítems de C1 aplican solo a educación a distancia,count,,sunedu_formato_item,,COUNT,codigo_formato=C1&aplica_distancia=si&aplica_presencial=no,[entity:sunedu][filter:C1][modalidad:distancia]
620,Evidencias observadas en Teología para C1,list,,sunedu_evidencia_curricular,,,programa=Teologia&codigo_formato=C1&estado=observado,[entity:sunedu][programa:Teologia][filter:C1]
621,Cuántos requisitos cumple Enfermería en C2,count,,sunedu_evidencia_curricular,,COUNT,programa=Enfermeria&codigo_formato=C2&estado=validado,[entity:sunedu][programa:Enfermeria][filter:C2]
622,Evidencias de Sistemas en C1 por componente,count,bar,sunedu_evidencia_curricular,componente,COUNT,programa=Sistemas&codigo_formato=C1,[programa:Sistemas][entity:sunedu][filter:C1]
623,Cuántos ítems de C2 son optativos para posgrado,count,,sunedu_formato_item,,COUNT,codigo_formato=C2&aplica_posgrado=si&obligatorio=no,[entity:sunedu][filter:C2][nivel:posgrado]
624,Distribución de evidencias por condición básica SUNEDU,count,bar,sunedu_evidencia_curricular,condicion_basica,COUNT,,[entity:sunedu][dimension:condicion][intent:count]
625,Estado de validación de C1 en Ciencias Empresariales,count,bar,sunedu_evidencia_curricular,estado_validacion,COUNT,facultad=Ciencias Empresariales&codigo_formato=C1,[entity:sunedu][facultad:Empresariales][filter:C1]
626,Cuántos cursos de Sistemas tienen prerrequisito en el ciclo 3,count,,malla_curricular,,COUNT,programa=Sistemas&ciclo=3&requisito IS NOT NULL,[programa:Sistemas][ciclo:3][filter:requisito]
627,Cuántos créditos acumula el ciclo 7 de Ingeniería Civil,aggregate,,malla_curricular,,SUM(creditos),programa=Civil&ciclo=7,[programa:Civil][ciclo:7][metric:creditos]
628,Cursos sin prerrequisito en Enfermería ciclo 2,list,,malla_curricular,,,programa=Enfermeria&ciclo=2&requisito IS NULL,[programa:Enfermeria][ciclo:2][filter:requisito]
629,Distribución de prerrequisitos por área en Sistemas,count,bar,malla_curricular,area_formacion,COUNT,programa=Sistemas&requisito IS NOT NULL,[programa:Sistemas][dimension:area][filter:requisito]
630,Total de créditos del ciclo 6 de Administración,aggregate,,malla_curricular,,SUM(creditos),programa=Administracion&ciclo=6,[programa:Administracion][ciclo:6][metric:creditos]
631,cuantos cursos de formacion biblica tiene teologia,count,,malla_curricular,,COUNT,programa=Teologia&area_formacion=biblica,[adventista][programa:Teologia][area:biblica]
632,lista de cursos de servicio adventista en todas las carreras,list,,malla_curricular,,,curso CONTAINS servicio,[adventista][intent:list][multi_programa]
633,cuantos programas tienen curso de etica cristiana,count,,malla_curricular,,COUNT(DISTINCT programa_estudio),curso CONTAINS etica cristiana,[adventista][filter:curso][intent:count]
634,recursos de administracion de salud en enfermería juliaca,list,,recurso_aprendizaje,,,curso CONTAINS salud&programa=Enfermeria&sede=Juliaca,[programa:Enfermeria][sede:Juliaca][filter:curso]
635,cuantos items de sunedu aplican a enfermeria,count,,sunedu_formato_item,,COUNT,aplica_pregrado=si,[entity:sunedu][nivel:pregrado][intent:count]
636,distribución de horas por sede y modalidad en upeu,aggregate,bar,malla_curricular,sede,AVG(horas_totales),,[institution:UPEU][dimension:sede][dimension:modalidad][metric:horas]
637,cuántas versiones de plan tiene ingeniería de sistemas,count,,plan_estudios,,COUNT,programa=Sistemas,[programa:Sistemas][entity:version][intent:count]
638,recursos de anatomía patológica en medicina,list,,recurso_aprendizaje,,,curso CONTAINS anatomia&programa=Medicina,[programa:Medicina][filter:curso][entity:recurso]
639,cuántos sílabos de obstetricia tienen unidades completas,count,,silabos,,COUNT,programa=Obstetricia&ra_unitario IS NOT NULL,[programa:Obstetricia][entity:ra_unitario][filter:null]
640,graficame la distribución de créditos entre las tres sedes,chart,bar,malla_curricular,sede,AVG(creditos),,[dimension:sede][metric:creditos][intent:chart][multi_sede]
641,Cuántos cursos de Sistemas están en los primeros 3 ciclos,count,,malla_curricular,,COUNT,programa=Sistemas&ciclo <= 3,[programa:Sistemas][dimension:ciclo][filter:range][intent:count]
642,Cursos de especialidad en los últimos 2 ciclos de Medicina,list,,malla_curricular,,,programa=Medicina&ciclo >= 9&area_formacion=Especialidad,[programa:Medicina][dimension:ciclo][area:especialidad]
643,Promedio de créditos en los ciclos superiores de Enfermería,aggregate,,malla_curricular,,AVG(creditos),programa=Enfermeria&ciclo >= 6,[programa:Enfermeria][dimension:ciclo][metric:creditos]
644,Cuántos cursos transversales hay en el ciclo 1 de UPEU,count,,malla_curricular,,COUNT,ciclo=1&tipo_curso=transversal,[institution:UPEU][ciclo:1][filter:tipo_curso]
645,Distribución de horas en los primeros 5 ciclos de Administración,aggregate,bar,malla_curricular,ciclo,SUM(horas_totales),programa=Administracion&ciclo <= 5,[programa:Administracion][dimension:ciclo][metric:horas]
646,Total de créditos acumulados hasta el ciclo 8 en Sistemas,aggregate,,malla_curricular,,SUM(creditos),programa=Sistemas&ciclo <= 8,[programa:Sistemas][dimension:ciclo][metric:creditos]
647,Cuántos cursos de práctica hay en los últimos ciclos de Enfermería,count,,malla_curricular,,COUNT,programa=Enfermeria&ciclo >= 7&tipo_curso=practica,[programa:Enfermeria][dimension:ciclo][filter:tipo_curso]
648,Cursos de formación general en los primeros ciclos de UPEU,list,,malla_curricular,,,ciclo <= 3&area_formacion=General,[institution:UPEU][dimension:ciclo][area:general]
649,Créditos de cursos de investigación por ciclo en toda la UPEU,aggregate,bar,malla_curricular,ciclo,SUM(creditos),area_formacion=Investigacion,[institution:UPEU][dimension:ciclo][area:investigacion][metric:creditos]
650,Distribución de electivos por ciclo en Ciencias de la Salud,count,bar,malla_curricular,ciclo,COUNT,facultad=Ciencias de la Salud&tipo_curso=electivo,[facultad:Salud][dimension:ciclo][filter:tipo_curso]
651,Cuántos cursos únicos hay en toda la UPEU,count,,silabos,,COUNT(DISTINCT curso),,[institution:UPEU][intent:count][entity:curso]
652,Programas que comparten el curso de Estadística,list,,malla_curricular,programa_estudio,,curso CONTAINS Estadistica,[filter:curso][intent:list][multi_programa]
653,Cuántos cursos distintos hay en Ciencias Empresariales,count,,malla_curricular,,COUNT(DISTINCT codigo_curso),facultad=Ciencias Empresariales,[facultad:Empresariales][intent:count][entity:curso]
654,Distribución de cursos únicos por sede en UPEU,count,bar,silabos,sede,COUNT(DISTINCT curso),,[institution:UPEU][dimension:sede][entity:curso]
655,Cursos que aparecen en más de 5 programas,list,,malla_curricular,curso,,,[filter:frecuencia][intent:list][entity:curso]
656,Cuántos códigos de curso distintos hay en la malla,count,,malla_curricular,,COUNT(DISTINCT codigo_curso),,[entity:codigo][intent:count]
657,Programas con más cursos compartidos entre sedes,ranking,horizontal_bar,malla_curricular,programa_estudio,COUNT(DISTINCT codigo_curso),,[multi_sede][intent:ranking][entity:curso]
658,Cuántos cursos de inglés hay en toda la UPEU,count,,silabos,,COUNT,curso CONTAINS ingles,[institution:UPEU][filter:curso][intent:count]
659,Asignaturas con mismo nombre en diferentes facultades,list,,silabos,curso,,,[comparative][intent:list][entity:curso]
660,Cuántos cursos de Sistemas son exclusivos de esa carrera,count,,malla_curricular,,COUNT,programa=Sistemas,[programa:Sistemas][entity:curso][intent:count]
661,Cuántos sílabos de Medicina Humana tienen evaluaciones de producto,count,,silabos,,COUNT,programa=Medicina&sumilla CONTAINS evaluacion,[programa:Medicina][entity:evaluacion][intent:count]
662,Cursos de Sistemas con evaluación de competencias,list,,silabos,,,programa=Sistemas&sumilla CONTAINS competencia,[programa:Sistemas][entity:evaluacion][filter:sumilla]
663,Distribución de tipos de evaluación por facultad,count,bar,silabos,facultad,COUNT,,[entity:evaluacion][dimension:facultad][intent:count]
664,Cuántos sílabos tienen evaluación de unidad definida,count,,silabos,,COUNT,ra_unitario IS NOT NULL,[entity:evaluacion][entity:ra_unitario][intent:count]
665,Cursos de Enfermería con evaluación práctica,list,,silabos,,,programa=Enfermeria&sumilla CONTAINS practica,[programa:Enfermeria][entity:evaluacion][filter:sumilla]
666,Cuántos cursos tienen rúbrica de evaluación definida,count,,silabos,,COUNT,sumilla CONTAINS rubrica,[entity:evaluacion][filter:sumilla][intent:count]
667,Cursos de Psicología con evaluación de competencias,list,,silabos,,,programa=Psicologia&sumilla CONTAINS competencia,[programa:Psicologia][entity:evaluacion][filter:sumilla]
668,Distribución de cursos con evaluación diagnóstica,count,bar,silabos,programa_estudio,COUNT,sumilla CONTAINS diagnostica,[entity:evaluacion][dimension:programa][intent:count]
669,Cuántos sílabos tienen cronograma de evaluaciones,count,,silabos,,COUNT,sumilla CONTAINS cronograma,[entity:evaluacion][filter:sumilla][intent:count]
670,Cursos de Administración con evaluación formativa,list,,silabos,,,programa=Administracion&sumilla CONTAINS formativa,[programa:Administracion][entity:evaluacion][filter:sumilla]
671,cuantos cursos hay sin hora de laboratorio en ingeniería,count,,malla_curricular,,COUNT,facultad=Ingenieria&horas_laboratorio=0,[facultad:Ingenieria][metric:horas_laboratorio][filter:zero]
672,dame el plan de teología en niania,list,,plan_estudios,,,programa=Teologia&sede=Ñaña,[programa:Teologia][sede:Ñaña][intent:list]
673,cuántos cursos de ciencias básicas tiene ingeniería civil,count,,malla_curricular,,COUNT,programa=Civil&area_formacion=Ciencias Basicas,[programa:Civil][area:ciencias_basicas][intent:count]
674,distribución de recursos de teología por tipo,count,pie,recurso_aprendizaje,tipo_recurso,COUNT,programa=Teologia,[programa:Teologia][entity:recurso][intent:chart]
675,cuantas evidencias tiene sistemas en c1 y c2,count,,sunedu_evidencia_curricular,,COUNT,programa=Sistemas,[programa:Sistemas][entity:sunedu][multi_formato]
676,cuántos libros en inglés hay en medicina,count,,recurso_aprendizaje,,COUNT,programa=Medicina&tipo_recurso=libro&idioma=ingles,[programa:Medicina][filter:idioma][filter:tipo]
677,muestrame los cursos de ciclo 1 de sistemas en lima,list,,malla_curricular,,,programa=Sistemas&ciclo=1&sede=Lima,[programa:Sistemas][ciclo:1][sede:Lima]
678,cuantos planes tienen grado de bachiller en upeu,count,,plan_estudios,,COUNT,grado_academico=bachiller,[institution:UPEU][filter:grado][intent:count]
679,distribución de tipos de recurso en salud,count,pie,recurso_aprendizaje,tipo_recurso,COUNT,facultad=Ciencias de la Salud,[facultad:Salud][entity:recurso][intent:chart]
680,cuántos cursos de administracion hay en tarapoto,count,,silabos,,COUNT,programa=Administracion&sede=Tarapoto,[programa:Administracion][sede:Tarapoto][intent:count]
681,Cuántos cursos de la UPEU tienen más de 2 horas de práctica,count,,malla_curricular,,COUNT,horas_practicas > 2,[institution:UPEU][metric:horas_practicas][filter:range][intent:count]
682,Recursos de bases de datos en Ingeniería de Sistemas,list,,recurso_aprendizaje,,,curso CONTAINS base de datos&programa=Sistemas,[programa:Sistemas][filter:curso][entity:recurso]
683,Cuántos programas de la UPEU tienen más de 8 ciclos,count,,plan_estudios,,COUNT,total_ciclos > 8,[institution:UPEU][metric:ciclos][filter:range]
684,Plan de estudios de Ingeniería Ambiental en Ñaña,list,,plan_estudios,,,programa=Ingenieria Ambiental&sede=Ñaña,[programa:Ambiental][sede:Ñaña][intent:list]
685,Cuántos recursos sin descripción hay en Psicología,count,,recurso_aprendizaje,,COUNT,programa=Psicologia&descripcion_recurso IS NULL,[programa:Psicologia][entity:recurso][filter:null]
686,Evidencias con observación registrada en Enfermería,list,,sunedu_evidencia_curricular,observacion,,programa=Enfermeria&observacion IS NOT NULL,[programa:Enfermeria][entity:sunedu][filter:observacion]
687,Cuántos cursos de Contabilidad tienen horas de laboratorio,count,,malla_curricular,,COUNT,programa=Contabilidad&horas_laboratorio > 0,[programa:Contabilidad][metric:horas_laboratorio][intent:count]
688,Recursos de Gestión de Empresas por unidad en Administración,list,,recurso_aprendizaje,unidad,,programa=Administracion&curso CONTAINS Gestion,[programa:Administracion][filter:curso][entity:unidad]
689,Cuántos ítems de SUNEDU tienen descripción de más de 100 caracteres,count,,sunedu_formato_item,,COUNT,LENGTH(descripcion_item) > 100,[entity:sunedu][filter:longitud][intent:count]
690,Distribución de planes por fundamento curricular en UPEU,count,bar,plan_estudios,fundamento_curricular,COUNT,,[institution:UPEU][entity:plan][dimension:fundamento][intent:count]
691,Cuántos sílabos de Medicina tienen sumilla de más de 200 caracteres,count,,silabos,,COUNT,programa=Medicina&LENGTH(sumilla) > 200,[programa:Medicina][entity:sumilla][filter:longitud]
692,Cursos de Arquitectura con recursos de diseño digital,list,,recurso_aprendizaje,,,programa=Arquitectura&palabras_clave CONTAINS diseño,[programa:Arquitectura][filter:palabras_clave][entity:recurso]
693,Cuántos planes de Educación están en proceso de renovación,count,,plan_estudios,,COUNT,facultad=Educacion&estado=renovacion,[facultad:Educacion][filter:estado][intent:count]
694,Evidencias de C1 sin fecha de registro en Lima,list,,sunedu_evidencia_curricular,,,codigo_formato=C1&sede=Lima&fecha_registro IS NULL,[entity:sunedu][filter:C1][sede:Lima][filter:null]
695,Cuántos recursos de Biología tienen URL activa,count,,recurso_aprendizaje,,COUNT,programa=Biologia&url_recurso IS NOT NULL,[programa:Biologia][entity:recurso][filter:url]
696,Distribución de cursos por área y sede en Ingeniería,chart,heatmap,malla_curricular,area_formacion-sede,COUNT,facultad=Ingenieria,[facultad:Ingenieria][intent:chart][chart:heatmap]
697,Cuántos planes de Administración tienen competencias de gestión,count,,plan_estudios,,COUNT,programa=Administracion&competencias_generales CONTAINS gestion,[programa:Administracion][entity:competencia][filter:contenido]
698,Recursos sin palabras clave registradas en Sistemas,count,,recurso_aprendizaje,,COUNT,programa=Sistemas&palabras_clave IS NULL,[programa:Sistemas][entity:recurso][filter:null]
699,Cuántos cursos de Farmacia tienen evaluación de laboratorio,count,,silabos,,COUNT,programa=Farmacia&sumilla CONTAINS laboratorio,[programa:Farmacia][entity:evaluacion][filter:sumilla]
700,Resumen completo de UPEU: cursos créditos programas y sedes,count,bar,silabos,sede,COUNT,,[institution:UPEU][resumen_general][multi_entity][multi_sede]
